1787994294.858376265,0,217,,204,
1787994294.985337702,0,219,,204,
1787994294.985429859,1,25,,204,
1787994294.999995362,0,221,,204,
1787994295.000095404,2,25,,204,
1787994295.169818772,0,223,,204,
1787994295.169916320,3,31,,204,
1787994295.180406252,0,225,,204,
1787994295.180500914,4,27,,204,
1787994295.205084549,0,227,,204,
1787994295.205189611,5,41,,204,
1787994295.322631309,0,229,,204,
1787994295.322759816,6,39,,204,
1787994304.868975233,0,231,,204,
1787994304.996406811,0,233,,204,
1787994304.996551479,1,27,,204,
1787994305.010783258,0,235,,204,
1787994305.010878851,2,27,,204,
1787994305.180523813,0,237,,204,
1787994305.180611542,3,33,,204,
1787994305.186050721,0,239,,204,
1787994305.186128510,4,29,,204,
1787994305.206306438,0,241,,204,
1787994305.206385300,5,43,,204,
1787994305.323350837,0,243,,204,
1787994305.323475336,6,41,,204,
1787994314.879568494,0,245,PATCH,,/nnrf-nfm/v1/nf-instances/959b83ea-a388-41f1-84e1-0b5e4e22fde0
1787994314.879731656,0,245,,204,
1787994315.007341835,0,247,PATCH,,/nnrf-nfm/v1/nf-instances/959b81d8-a388-41f1-9e87-11f151aa3b30
1787994315.007531438,0,247,,204,
1787994315.007618755,1,29,,204,
1787994315.021361062,0,249,PATCH,,/nnrf-nfm/v1/nf-instances/959b80e8-a388-41f1-8c73-0d13f3e5b2cc
1787994315.021504597,0,249,,204,
1787994315.021598547,2,29,,204,
1787994315.183692685,0,251,PATCH,,/nnrf-nfm/v1/nf-instances/95ea2e64-a388-41f1-9314-2dc909b90532
1787994315.183856208,0,251,,204,
1787994315.183936001,3,35,,204,
1787994315.196627965,0,253,PATCH,,/nnrf-nfm/v1/nf-instances/95ea2b80-a388-41f1-8eaf-df2c9ec65e3c
1787994315.196820775,0,253,,204,
1787994315.196926006,4,31,,204,
1787994315.217129195,0,255,PATCH,,/nnrf-nfm/v1/nf-instances/95cde38a-a388-41f1-a41e-636ff4b28bb0
1787994315.217293560,0,255,,204,
1787994315.217392339,5,45,,204,
1787994315.327927682,0,257,PATCH,,/nnrf-nfm/v1/nf-instances/95defcba-a388-41f1-b9a1-69e70846f410
1787994315.328082369,0,257,,204,
1787994315.328178633,6,43,,204,
1787994324.888392552,0,259,PATCH,,/nnrf-nfm/v1/nf-instances/959b83ea-a388-41f1-84e1-0b5e4e22fde0
1787994324.888588927,0,259,,204,
1787994325.017864044,0,261,PATCH,,/nnrf-nfm/v1/nf-instances/959b81d8-a388-41f1-9e87-11f151aa3b30
1787994325.018014652,0,261,,204,
1787994325.018113471,1,31,,204,
1787994325.032062385,0,263,PATCH,,/nnrf-nfm/v1/nf-instances/959b80e8-a388-41f1-8c73-0d13f3e5b2cc
1787994325.032234013,0,263,,204,
1787994325.032326450,2,31,,204,
1787994325.194421599,0,265,PATCH,,/nnrf-nfm/v1/nf-instances/95ea2e64-a388-41f1-9314-2dc909b90532
1787994325.194618816,0,265,,204,
1787994325.194716222,3,37,,204,
1787994325.207725448,0,267,PATCH,,/nnrf-nfm/v1/nf-instances/95ea2b80-a388-41f1-8eaf-df2c9ec65e3c
1787994325.207906485,0,267,,204,
1787994325.208002639,4,33,,204,
1787994325.218696736,0,269,PATCH,,/nnrf-nfm/v1/nf-instances/95cde38a-a388-41f1-a41e-636ff4b28bb0
1787994325.218845541,0,269,,204,
1787994325.218922538,5,47,,204,
1787994325.331415621,0,271,PATCH,,/nnrf-nfm/v1/nf-instances/95defcba-a388-41f1-b9a1-69e70846f410
1787994325.331588702,0,271,,204,
1787994325.331683042,6,45,,204,
1787994334.898743627,0,273,PATCH,,/nnrf-nfm/v1/nf-instances/959b83ea-a388-41f1-84e1-0b5e4e22fde0
1787994334.898921367,0,273,,204,
1787994335.028855642,0,275,PATCH,,/nnrf-nfm/v1/nf-instances/959b81d8-a388-41f1-9e87-11f151aa3b30
1787994335.029015117,0,275,,204,
1787994335.029114497,1,33,,204,
1787994335.042902639,0,277,PATCH,,/nnrf-nfm/v1/nf-instances/959b80e8-a388-41f1-8c73-0d13f3e5b2cc
1787994335.043070109,0,277,,204,
1787994335.043169920,2,33,,204,
1787994335.198215423,0,279,PATCH,,/nnrf-nfm/v1/nf-instances/95ea2e64-a388-41f1-9314-2dc909b90532
1787994335.198405246,0,279,,204,
1787994335.198535625,3,39,,204,
1787994335.212848339,0,281,PATCH,,/nnrf-nfm/v1/nf-instances/95ea2b80-a388-41f1-8eaf-df2c9ec65e3c
1787994335.213024315,0,281,,204,
1787994335.213119708,4,35,,204,
1787994335.229709784,0,283,PATCH,,/nnrf-nfm/v1/nf-instances/95cde38a-a388-41f1-a41e-636ff4b28bb0
1787994335.229871143,0,283,,204,
1787994335.229952298,5,49,,204,
1787994335.334560325,0,285,PATCH,,/nnrf-nfm/v1/nf-instances/95defcba-a388-41f1-b9a1-69e70846f410
1787994335.334721143,0,285,,204,
1787994335.334807688,6,47,,204,
1787994344.908622044,0,287,PATCH,,/nnrf-nfm/v1/nf-instances/959b83ea-a388-41f1-84e1-0b5e4e22fde0
1787994344.908807378,0,287,,204,
1787994345.039601880,0,289,PATCH,,/nnrf-nfm/v1/nf-instances/959b81d8-a388-41f1-9e87-11f151aa3b30
1787994345.039742729,0,289,,204,
1787994345.039811380,1,35,,204,
1787994345.053628196,0,291,PATCH,,/nnrf-nfm/v1/nf-instances/959b80e8-a388-41f1-8c73-0d13f3e5b2cc
1787994345.053773554,0,291,,204,
1787994345.053850651,2,35,,204,
1787994345.209323929,0,293,PATCH,,/nnrf-nfm/v1/nf-instances/95ea2e64-a388-41f1-9314-2dc909b90532
1787994345.209501458,0,293,,204,
1787994345.209567494,3,41,,204,
1787994345.218847326,0,295,PATCH,,/nnrf-nfm/v1/nf-instances/95ea2b80-a388-41f1-8eaf-df2c9ec65e3c
1787994345.219038340,0,295,,204,
1787994345.219133923,4,37,,204,
1787994345.239853521,0,297,PATCH,,/nnrf-nfm/v1/nf-instances/95cde38a-a388-41f1-a41e-636ff4b28bb0
1787994345.239991845,0,297,,204,
1787994345.240085043,5,51,,204,
1787994345.335616280,0,299,PATCH,,/nnrf-nfm/v1/nf-instances/95defcba-a388-41f1-b9a1-69e70846f410
1787994345.335764614,0,299,,204,
1787994345.335839507,6,49,,204,
1787994354.914038029,0,301,PATCH,,/nnrf-nfm/v1/nf-instances/959b83ea-a388-41f1-84e1-0b5e4e22fde0
1787994354.914235766,0,301,,204,
1787994355.050567997,0,303,PATCH,,/nnrf-nfm/v1/nf-instances/959b81d8-a388-41f1-9e87-11f151aa3b30
1787994355.050751747,0,303,,204,
1787994355.050833804,1,37,,204,
1787994355.063811571,0,305,PATCH,,/nnrf-nfm/v1/nf-instances/959b80e8-a388-41f1-8c73-0d13f3e5b2cc
1787994355.063984300,0,305,,204,
1787994355.064063381,2,37,,204,
1787994355.220316910,0,307,PATCH,,/nnrf-nfm/v1/nf-instances/95ea2e64-a388-41f1-9314-2dc909b90532
1787994355.220484279,0,307,,204,
1787994355.220568981,3,43,,204,
1787994355.229891874,0,309,PATCH,,/nnrf-nfm/v1/nf-instances/95ea2b80-a388-41f1-8eaf-df2c9ec65e3c
1787994355.230086365,0,309,,204,
1787994355.230181547,4,39,,204,
1787994355.241795371,0,311,PATCH,,/nnrf-nfm/v1/nf-instances/95cde38a-a388-41f1-a41e-636ff4b28bb0
1787994355.241954394,0,311,,204,
1787994355.242034888,5,53,,204,
1787994355.336524395,0,313,PATCH,,/nnrf-nfm/v1/nf-instances/95defcba-a388-41f1-b9a1-69e70846f410
1787994355.336659102,0,313,,204,
1787994355.336743292,6,51,,204,
1787994364.924881501,0,315,PATCH,,/nnrf-nfm/v1/nf-instances/959b83ea-a388-41f1-84e1-0b5e4e22fde0
1787994364.925050453,0,315,,204,
1787994365.061598293,0,317,PATCH,,/nnrf-nfm/v1/nf-instances/959b81d8-a388-41f1-9e87-11f151aa3b30
1787994365.061753189,0,317,,204,
1787994365.061839924,1,39,,204,
1787994365.074903662,0,319,PATCH,,/nnrf-nfm/v1/nf-instances/959b80e8-a388-41f1-8c73-0d13f3e5b2cc
1787994365.075043869,0,319,,204,
1787994365.075123772,2,39,,204,
1787994365.231294553,0,321,PATCH,,/nnrf-nfm/v1/nf-instances/95ea2e64-a388-41f1-9314-2dc909b90532
1787994365.231429811,0,321,,204,
1787994365.231519312,3,45,,204,
1787994365.240930282,0,323,PATCH,,/nnrf-nfm/v1/nf-instances/95ea2b80-a388-41f1-8eaf-df2c9ec65e3c
1787994365.241089906,0,323,,204,
1787994365.241170059,4,41,,204,
1787994365.252769383,0,325,PATCH,,/nnrf-nfm/v1/nf-instances/95cde38a-a388-41f1-a41e-636ff4b28bb0
1787994365.252911835,0,325,,204,
1787994365.252982460,5,55,,204,
1787994365.337749900,0,327,PATCH,,/nnrf-nfm/v1/nf-instances/95defcba-a388-41f1-b9a1-69e70846f410
1787994365.337886251,0,327,,204,
1787994365.337966664,6,53,,204,
1787994374.934655042,0,329,PATCH,,/nnrf-nfm/v1/nf-instances/959b83ea-a388-41f1-84e1-0b5e4e22fde0
1787994374.934812251,0,329,,204,
1787994375.072621860,0,331,PATCH,,/nnrf-nfm/v1/nf-instances/959b81d8-a388-41f1-9e87-11f151aa3b30
1787994375.072779050,0,331,,204,
1787994375.072873800,1,41,,204,
1787994375.085881890,0,333,PATCH,,/nnrf-nfm/v1/nf-instances/959b80e8-a388-41f1-8c73-0d13f3e5b2cc
1787994375.086066421,0,333,,204,
1787994375.086165170,2,41,,204,
1787994375.242241616,0,335,PATCH,,/nnrf-nfm/v1/nf-instances/95ea2e64-a388-41f1-9314-2dc909b90532
1787994375.242411180,0,335,,204,
1787994375.242533763,3,47,,204,
1787994375.251919236,0,337,PATCH,,/nnrf-nfm/v1/nf-instances/95ea2b80-a388-41f1-8eaf-df2c9ec65e3c
1787994375.252116442,0,337,,204,
1787994375.252211393,4,43,,204,
1787994375.262801772,0,339,PATCH,,/nnrf-nfm/v1/nf-instances/95cde38a-a388-41f1-a41e-636ff4b28bb0
1787994375.262931660,0,339,,204,
1787994375.262990402,5,57,,204,
1787994375.347091384,0,341,PATCH,,/nnrf-nfm/v1/nf-instances/95defcba-a388-41f1-b9a1-69e70846f410
1787994375.347249355,0,341,,204,
1787994375.347318968,6,55,,204,
1787994384.945399760,0,343,PATCH,,/nnrf-nfm/v1/nf-instances/959b83ea-a388-41f1-84e1-0b5e4e22fde0
1787994384.945633816,0,343,,204,
1787994385.083364606,0,345,PATCH,,/nnrf-nfm/v1/nf-instances/959b81d8-a388-41f1-9e87-11f151aa3b30
1787994385.083541823,0,345,,204,
1787994385.083640171,1,43,,204,
1787994385.096938872,0,347,PATCH,,/nnrf-nfm/v1/nf-instances/959b80e8-a388-41f1-8c73-0d13f3e5b2cc
1787994385.097087505,0,347,,204,
1787994385.097182626,2,43,,204,
1787994385.247446452,0,349,PATCH,,/nnrf-nfm/v1/nf-instances/95ea2e64-a388-41f1-9314-2dc909b90532
1787994385.247629992,0,349,,204,
1787994385.247736625,3,49,,204,
1787994385.262938203,0,351,PATCH,,/nnrf-nfm/v1/nf-instances/95ea2b80-a388-41f1-8eaf-df2c9ec65e3c
1787994385.263114930,0,351,,204,
1787994385.263194382,4,45,,204,
1787994385.273808639,0,353,PATCH,,/nnrf-nfm/v1/nf-instances/95cde38a-a388-41f1-a41e-636ff4b28bb0
1787994385.273961911,0,353,,204,
1787994385.274038036,5,59,,204,
1787994385.355709852,0,355,PATCH,,/nnrf-nfm/v1/nf-instances/95defcba-a388-41f1-b9a1-69e70846f410
1787994385.355857844,0,355,,204,
1787994385.355954748,6,57,,204,
1787994394.955947741,0,357,PATCH,,/nnrf-nfm/v1/nf-instances/959b83ea-a388-41f1-84e1-0b5e4e22fde0
1787994394.956126150,0,357,,204,
1787994395.093248965,0,359,PATCH,,/nnrf-nfm/v1/nf-instances/959b81d8-a388-41f1-9e87-11f151aa3b30
1787994395.093380615,0,359,,204,
1787994395.093463123,1,45,,204,
1787994395.106851326,0,361,PATCH,,/nnrf-nfm/v1/nf-instances/959b80e8-a388-41f1-8c73-0d13f3e5b2cc
1787994395.106994409,0,361,,204,
1787994395.107088588,2,45,,204,
1787994395.257858166,0,363,PATCH,,/nnrf-nfm/v1/nf-instances/95ea2e64-a388-41f1-9314-2dc909b90532
1787994395.258031126,0,363,,204,
1787994395.258129613,3,51,,204,
1787994395.273677411,0,365,PATCH,,/nnrf-nfm/v1/nf-instances/95ea2b80-a388-41f1-8eaf-df2c9ec65e3c
1787994395.273832186,0,365,,204,
1787994395.273903813,4,47,,204,
1787994395.283844849,0,367,PATCH,,/nnrf-nfm/v1/nf-instances/95cde38a-a388-41f1-a41e-636ff4b28bb0
1787994395.283964367,0,367,,204,
1787994395.284033449,5,61,,204,
1787994395.363328672,0,369,PATCH,,/nnrf-nfm/v1/nf-instances/95defcba-a388-41f1-b9a1-69e70846f410
1787994395.363497253,0,369,,204,
1787994395.363588307,6,59,,204,
1787994404.966803872,0,371,PATCH,,/nnrf-nfm/v1/nf-instances/959b83ea-a388-41f1-84e1-0b5e4e22fde0
1787994404.966980729,0,371,,204,
1787994405.103887982,0,373,PATCH,,/nnrf-nfm/v1/nf-instances/959b81d8-a388-41f1-9e87-11f151aa3b30
1787994405.104003562,0,373,,204,
1787994405.104094626,1,47,,204,
1787994405.117861733,0,375,PATCH,,/nnrf-nfm/v1/nf-instances/959b80e8-a388-41f1-8c73-0d13f3e5b2cc
1787994405.118016728,0,375,,204,
1787994405.118135575,2,47,,204,
1787994405.263396054,0,377,PATCH,,/nnrf-nfm/v1/nf-instances/95ea2e64-a388-41f1-9314-2dc909b90532
1787994405.263574864,0,377,,204,
1787994405.263656410,3,53,,204,
1787994405.284374274,0,379,PATCH,,/nnrf-nfm/v1/nf-instances/95ea2b80-a388-41f1-8eaf-df2c9ec65e3c
1787994405.284639950,0,379,,204,
1787994405.284728318,4,49,,204,
1787994405.288889473,0,381,PATCH,,/nnrf-nfm/v1/nf-instances/95cde38a-a388-41f1-a41e-636ff4b28bb0
1787994405.289022927,0,381,,204,
1787994405.289094423,5,63,,204,
1787994405.369867765,0,383,PATCH,,/nnrf-nfm/v1/nf-instances/95defcba-a388-41f1-b9a1-69e70846f410
1787994405.370048339,0,383,,204,
1787994405.370146496,6,61,,204,
1787994410.049559607,5,65,POST,,/nausf-auth/v1/ue-authentications
1787994410.049937597,7,1,POST,,/nausf-auth/v1/ue-authentications
1787994410.050248418,1,49,POST,,/nudm-ueau/v1/suci-0-999-70-0000-0-0-0000000001/security-information/generate-auth-data
1787994410.050485981,9,1,POST,,/nudm-ueau/v1/suci-0-999-70-0000-0-0-0000000001/security-information/generate-auth-data
1787994410.050770302,2,49,GET,,/nudr-dr/v1/subscription-data/imsi-999700000000001/authentication-data/authentication-subscription
1787994410.050952960,10,1,GET,,/nudr-dr/v1/subscription-data/imsi-999700000000001/authentication-data/authentication-subscription
1787994410.089652247,10,1,,200,
1787994410.089826469,2,49,,200,
1787994410.090683811,9,1,,200,
1787994410.090809971,1,49,,200,
1787994410.116167735,7,1,,201,
1787994410.131075852,7,3,PUT,,/nausf-auth/v1/ue-authentications/1/5g-aka-confirmation
1787994410.131277636,1,51,POST,,/nudm-ueau/v1/imsi-999700000000001/auth-events
1787994410.131405159,9,3,POST,,/nudm-ueau/v1/imsi-999700000000001/auth-events
1787994410.131726491,10,3,PUT,,/nudr-dr/v1/subscription-data/imsi-999700000000001/authentication-data/authentication-status
1787994410.151101854,10,3,,204,
1787994410.151249976,2,51,,204,
1787994410.151409570,9,3,,201,
1787994410.151729759,7,3,,200,
1787994410.151802738,5,67,,200,
1787994410.187972199,9,5,PUT,,/nudm-uecm/v1/imsi-999700000000001/registrations/amf-3gpp-access
1787994410.188514702,10,5,PUT,,/nudr-dr/v1/subscription-data/imsi-999700000000001/context-data/amf-3gpp-access
1787994410.189173566,10,5,,204,
1787994410.189268878,2,53,,204,
1787994410.189388155,9,5,,201,
1787994410.189720007,5,71,GET,,/nudm-sdm/v2/imsi-999700000000001?dataset-names=AM%2CSMF_SEL&plmn-id=%7B%22mcc%22%3A%22999%22%2C%22mnc%22%3A%2270%22%7D
1787994410.189865564,9,7,GET,,/nudm-sdm/v2/imsi-999700000000001?plmn-id=%7B%22mcc%22%3A%22999%22%2C%22mnc%22%3A%2270%22%7D&dataset-names=AM%2CSMF_SEL
1787994410.189979391,2,55,GET,,/nudr-dr/v1/subscription-data/imsi-999700000000001/99970/provisioned-data?dataset-names=AM%2CSMF_SEL
1787994410.190072688,10,7,GET,,/nudr-dr/v1/subscription-data/imsi-999700000000001/99970/provisioned-data?dataset-names=AM%2CSMF_SEL
1787994410.239763735,10,7,,200,
1787994410.239927177,2,55,,200,
1787994410.240376622,9,7,,200,
1787994410.240517891,5,71,,200,
1787994410.240851527,5,73,GET,,/nudm-sdm/v2/imsi-999700000000001/ue-context-in-smf-data?plmn-id=%7B%22mcc%22%3A%22999%22%2C%22mnc%22%3A%2270%22%7D
1787994410.240992154,9,9,GET,,/nudm-sdm/v2/imsi-999700000000001/ue-context-in-smf-data?plmn-id=%7B%22mcc%22%3A%22999%22%2C%22mnc%22%3A%2270%22%7D
1787994410.243000679,9,9,,200,
1787994410.243213945,5,73,,200,
1787994410.243480553,5,75,POST,,/nudm-sdm/v2/imsi-999700000000001/sdm-subscriptions
1787994410.243674913,9,11,POST,,/nudm-sdm/v2/imsi-999700000000001/sdm-subscriptions
1787994410.243884201,9,11,,201,
1787994410.254521485,5,77,POST,,/npcf-am-policy-control/v1/policies
1787994410.254863907,11,1,POST,,/npcf-am-policy-control/v1/policies
1787994410.255549773,3,55,GET,,/nudr-dr/v1/policy-data/ues/imsi-999700000000001/am-data
1787994410.255693046,10,9,GET,,/nudr-dr/v1/policy-data/ues/imsi-999700000000001/am-data
1787994410.256246240,10,9,,200,
1787994410.256319078,3,55,,200,
1787994410.256906006,11,1,,201,
1787994410.479954944,5,79,POST,,/nsmf-pdusession/v1/sm-contexts
1787994410.480252481,12,1,POST,,/nsmf-pdusession/v1/sm-contexts
1787994410.500459778,6,63,GET,,/nudm-sdm/v2/imsi-999700000000001/sm-data?dnn=internet&plmn-id=%7B%22mcc%22%3A%22999%22%2C%22mnc%22%3A%2270%22%7D&single-nssai=%7B%22sst%22%3A1%7D
1787994410.500634270,9,13,GET,,/nudm-sdm/v2/imsi-999700000000001/sm-data?single-nssai=%7B%22sst%22%3A1%7D&dnn=internet&plmn-id=%7B%22mcc%22%3A%22999%22%2C%22mnc%22%3A%2270%22%7D
1787994410.500837657,2,57,GET,,/nudr-dr/v1/subscription-data/imsi-999700000000001/99970/provisioned-data/sm-data?single-nssai=%7B%22sst%22%3A1%7D&dnn=internet
1787994410.500966593,10,11,GET,,/nudr-dr/v1/subscription-data/imsi-999700000000001/99970/provisioned-data/sm-data?single-nssai=%7B%22sst%22%3A1%7D&dnn=internet
1787994410.502567752,10,11,,200,
1787994410.502659697,2,57,,200,
1787994410.502951512,9,13,,200,
1787994410.503083624,6,63,,200,
1787994410.503313181,6,65,POST,,/nudm-sdm/v2/imsi-999700000000001/sdm-subscriptions
1787994410.503438810,9,15,POST,,/nudm-sdm/v2/imsi-999700000000001/sdm-subscriptions
1787994410.503569359,9,15,,201,
1787994410.505159046,12,1,,201,
1787994410.505222507,6,67,POST,,/npcf-smpolicycontrol/v1/sm-policies
1787994410.505369777,11,3,POST,,/npcf-smpolicycontrol/v1/sm-policies
1787994410.505969248,3,57,GET,,/nudr-dr/v1/policy-data/ues/imsi-999700000000001/sm-data?dnn=internet&snssai=%7B%22sst%22%3A1%7D
1787994410.506086492,10,13,GET,,/nudr-dr/v1/policy-data/ues/imsi-999700000000001/sm-data?snssai=%7B%22sst%22%3A1%7D&dnn=internet
1787994410.510617108,10,13,,200,
1787994410.510721307,3,57,,200,
1787994410.510946195,3,59,POST,,/nbsf-management/v1/pcfBindings
1787994410.511086622,0,385,GET,,/nnrf-disc/v1/nf-instances?target-nf-type=BSF&requester-features=20&requester-nf-type=PCF&service-names=nbsf-management
1787994410.511277506,0,385,,200,
1787994410.511442751,3,59,,504,
1787994410.511917945,11,3,,201,
1787994410.539946726,6,69,POST,,/namf-comm/v1/ue-contexts/imsi-999700000000001/n1-n2-messages
1787994410.540316379,14,1,POST,,/namf-comm/v1/ue-contexts/imsi-999700000000001/n1-n2-messages
1787994410.540636639,14,1,,200,
1787994410.540818365,6,69,,200,
1787994410.542301579,5,81,POST,,/nsmf-pdusession/v1/sm-contexts/1/modify
1787994410.542462866,12,3,POST,,/nsmf-pdusession/v1/sm-contexts/1/modify
1787994410.543184610,9,17,PUT,,/nudm-uecm/v1/imsi-999700000000001/registrations/smf-registrations/1
1787994410.543715521,10,15,PUT,,/nudr-dr/v1/subscription-data/imsi-999700000000001/context-data/smf-registrations/1
1787994410.543859666,10,15,,204,
1787994410.543921263,2,59,,204,
1787994410.544026924,9,17,,201,
1787994410.544285346,12,3,,204,
1787994410.544372753,5,81,,204,
1787994414.972025379,0,387,PATCH,,/nnrf-nfm/v1/nf-instances/959b83ea-a388-41f1-84e1-0b5e4e22fde0
1787994414.972278130,0,387,,204,
1787994415.109442405,0,389,PATCH,,/nnrf-nfm/v1/nf-instances/959b81d8-a388-41f1-9e87-11f151aa3b30
1787994415.109622678,0,389,,204,
1787994415.109706788,1,53,,204,
1787994415.123168267,0,391,PATCH,,/nnrf-nfm/v1/nf-instances/959b80e8-a388-41f1-8c73-0d13f3e5b2cc
1787994415.123329854,0,391,,204,
1787994415.123395429,2,61,,204,
1787994415.267915577,0,393,PATCH,,/nnrf-nfm/v1/nf-instances/95ea2e64-a388-41f1-9314-2dc909b90532
1787994415.268180541,0,393,,204,
1787994415.268278427,3,61,,204,
1787994415.290298772,0,395,PATCH,,/nnrf-nfm/v1/nf-instances/95ea2b80-a388-41f1-8eaf-df2c9ec65e3c
1787994415.290486760,0,395,,204,
1787994415.290592721,4,51,,204,
1787994415.294747682,0,397,PATCH,,/nnrf-nfm/v1/nf-instances/95cde38a-a388-41f1-a41e-636ff4b28bb0
1787994415.294896224,0,397,,204,
1787994415.295000302,5,83,,204,
1787994415.375856382,0,399,PATCH,,/nnrf-nfm/v1/nf-instances/95defcba-a388-41f1-b9a1-69e70846f410
1787994415.376005546,0,399,,204,
1787994415.376097792,6,73,,204,
1787994424.982199441,0,401,PATCH,,/nnrf-nfm/v1/nf-instances/959b83ea-a388-41f1-84e1-0b5e4e22fde0
1787994424.982380806,0,401,,204,
1787994425.120157589,0,403,PATCH,,/nnrf-nfm/v1/nf-instances/959b81d8-a388-41f1-9e87-11f151aa3b30
1787994425.120351518,0,403,,204,
1787994425.120449174,1,55,,204,
1787994425.124866842,0,405,PATCH,,/nnrf-nfm/v1/nf-instances/959b80e8-a388-41f1-8c73-0d13f3e5b2cc
1787994425.125013602,0,405,,204,
1787994425.125084777,2,63,,204,
1787994425.278158455,0,407,PATCH,,/nnrf-nfm/v1/nf-instances/95ea2e64-a388-41f1-9314-2dc909b90532
1787994425.278342706,0,407,,204,
1787994425.278439300,3,63,,204,
1787994425.301335872,0,409,PATCH,,/nnrf-nfm/v1/nf-instances/95ea2b80-a388-41f1-8eaf-df2c9ec65e3c
1787994425.301567974,0,409,,204,
1787994425.301669998,4,53,,204,
1787994425.305274609,5,85,PATCH,,/nnrf-nfm/v1/nf-instances/95cde38a-a388-41f1-a41e-636ff4b28bb0
1787994425.305489178,0,411,PATCH,,/nnrf-nfm/v1/nf-instances/95cde38a-a388-41f1-a41e-636ff4b28bb0
1787994425.305635095,0,411,,204,
1787994425.305728894,5,85,,204,
1787994425.376952053,0,413,PATCH,,/nnrf-nfm/v1/nf-instances/95defcba-a388-41f1-b9a1-69e70846f410
1787994425.377139079,0,413,,204,
1787994425.377240442,6,75,,204,
1787994434.983629653,0,415,PATCH,,/nnrf-nfm/v1/nf-instances/959b83ea-a388-41f1-84e1-0b5e4e22fde0
1787994434.983818240,0,415,,204,
1787994435.130864282,0,417,PATCH,,/nnrf-nfm/v1/nf-instances/959b81d8-a388-41f1-9e87-11f151aa3b30
1787994435.131019127,0,417,,204,
1787994435.131109123,1,57,,204,
1787994435.135435177,0,419,PATCH,,/nnrf-nfm/v1/nf-instances/959b80e8-a388-41f1-8c73-0d13f3e5b2cc
1787994435.135537826,0,419,,204,
1787994435.135612073,2,65,,204,
1787994435.288799670,0,421,PATCH,,/nnrf-nfm/v1/nf-instances/95ea2e64-a388-41f1-9314-2dc909b90532
1787994435.288924059,0,421,,204,
1787994435.289004858,3,65,,204,
1787994435.312665287,0,423,PATCH,,/nnrf-nfm/v1/nf-instances/95ea2b80-a388-41f1-8eaf-df2c9ec65e3c
1787994435.312852231,0,423,,204,
1787994435.312928011,4,55,,204,
1787994435.316250717,5,87,PATCH,,/nnrf-nfm/v1/nf-instances/95cde38a-a388-41f1-a41e-636ff4b28bb0
1787994435.316438493,0,425,PATCH,,/nnrf-nfm/v1/nf-instances/95cde38a-a388-41f1-a41e-636ff4b28bb0
1787994435.316606583,0,425,,204,
1787994435.316682192,5,87,,204,
1787994435.380381841,0,427,PATCH,,/nnrf-nfm/v1/nf-instances/95defcba-a388-41f1-b9a1-69e70846f410
1787994435.380586438,0,427,,204,
1787994435.380680591,6,77,,204,
